Idea ID,Pillar ID,Pillar,Cluster,Template code,Template name,Working title,Primary keyword seed,Search intent,Canada hook,Primary affiliates,Secondary affiliates,Affiliate slot guidance,Depth checklist,Outline skeleton,Social spin,Priority,Status,Batch
P01-T01,1,Food delivery driving,Gig apps & flexible labour,T01,Beginner how-to,How to start Food delivery driving in Canada (step-by-step),food delivery side hustle Canada,Informational/Transactional,Skip / Uber Eats / DoorDash CAD payouts & vehicle costs,"Insulated bags, phone mounts (Amazon)","KOHO, gas rewards",Primary tool in setup step,Reader job | 5+ steps | 3 tips | CA note | 1–3 affiliates | keyword proof,"1) Reader job: after this post, reader can take the next concrete step for Food delivery driving. 2) Hook: Canada-specific pain (CAD, tools, or trust). 3) Who it fits / who it doesn't. 4) Core sections per template 'Beginner how-to': Who it fits; 7–10 steps; first-week plan; mistakes. 5) Canada note: Skip / Uber Eats / DoorDash CAD payouts & vehicle costs. 6) Affiliate slots: place Insulated bags, phone mounts (Amazon) inside decision steps; secondary: KOHO, gas rewards. 7) CTA: related pillar posts + email/newsletter stub. 8) Disclosure near first affiliate mention.",Checklist carousel,High,Outline,Batch-1 (top 10 High × T01/T02/T03/T04/T20)
P01-T02,1,Food delivery driving,Gig apps & flexible labour,T02,Cost & budget,How much does it cost to start Food delivery driving? (CAD breakdown),food delivery side hustle Canada,Commercial investigation,Skip / Uber Eats / DoorDash CAD payouts & vehicle costs,"Insulated bags, phone mounts (Amazon)","KOHO, gas rewards",Cheapest stack + upgrade path,Reader job | 5+ steps | 3 tips | CA note | 1–3 affiliates | keyword proof,"1) Reader job: after this post, reader can take the next concrete step for Food delivery driving. 2) Hook: Canada-specific pain (CAD, tools, or trust). 3) Who it fits / who it doesn't. 4) Core sections per template 'Cost & budget': Startup table; monthly costs; free vs paid path. 5) Canada note: Skip / Uber Eats / DoorDash CAD payouts & vehicle costs. 6) Affiliate slots: place Insulated bags, phone mounts (Amazon) inside decision steps; secondary: KOHO, gas rewards. 7) CTA: related pillar posts + email/newsletter stub. 8) Disclosure near first affiliate mention.",Cost myth reel,High,Outline,Batch-1 (top 10 High × T01/T02/T03/T04/T20)
P01-T03,1,Food delivery driving,Gig apps & flexible labour,T03,Tools stack,Best tools for Food delivery driving in 2026,food delivery side hustle Canada,Commercial,Skip / Uber Eats / DoorDash CAD payouts & vehicle costs,"Insulated bags, phone mounts (Amazon)","KOHO, gas rewards",2–4 affiliate tools mid-list,Reader job | 5+ steps | 3 tips | CA note | 1–3 affiliates | keyword proof,"1) Reader job: after this post, reader can take the next concrete step for Food delivery driving. 2) Hook: Canada-specific pain (CAD, tools, or trust). 3) Who it fits / who it doesn't. 4) Core sections per template 'Tools stack': Criteria; 5–8 tools; stack diagram; what to skip. 5) Canada note: Skip / Uber Eats / DoorDash CAD payouts & vehicle costs. 6) Affiliate slots: place Insulated bags, phone mounts (Amazon) inside decision steps; secondary: KOHO, gas rewards. 7) CTA: related pillar posts + email/newsletter stub. 8) Disclosure near first affiliate mention.",Toolkit graphic,High,Outline,Batch-1 (top 10 High × T01/T02/T03/T04/T20)
P01-T04,1,Food delivery driving,Gig apps & flexible labour,T04,First client / first sale,How to get your first client with Food delivery driving in Canada,food delivery side hustle Canada,Transactional,Skip / Uber Eats / DoorDash CAD payouts & vehicle costs,"Insulated bags, phone mounts (Amazon)","KOHO, gas rewards",CRM/invoicing/payment tool,Reader job | 5+ steps | 3 tips | CA note | 1–3 affiliates | keyword proof,"1) Reader job: after this post, reader can take the next concrete step for Food delivery driving. 2) Hook: Canada-specific pain (CAD, tools, or trust). 3) Who it fits / who it doesn't. 4) Core sections per template 'First client / first sale': Outreach scripts; portfolio minimum; 14-day sprint. 5) Canada note: Skip / Uber Eats / DoorDash CAD payouts & vehicle costs. 6) Affiliate slots: place Insulated bags, phone mounts (Amazon) inside decision steps; secondary: KOHO, gas rewards. 7) CTA: related pillar posts + email/newsletter stub. 8) Disclosure near first affiliate mention.",Script-on-screen,High,Outline,Batch-1 (top 10 High × T01/T02/T03/T04/T20)
P01-T20,1,Food delivery driving,Gig apps & flexible labour,T20,Affiliate toolkit post,The only Food delivery driving toolkit I’d pay for (disclosed),food delivery side hustle Canada,Commercial,Skip / Uber Eats / DoorDash CAD payouts & vehicle costs,"Insulated bags, phone mounts (Amazon)","KOHO, gas rewards",Primary monetization post type,Reader job | 5+ steps | 3 tips | CA note | 1–3 affiliates | keyword proof,"1) Reader job: after this post, reader can take the next concrete step for Food delivery driving. 2) Hook: Canada-specific pain (CAD, tools, or trust). 3) Who it fits / who it doesn't. 4) Core sections per template 'Affiliate toolkit post': Criteria; must-haves vs nice-to-haves; disclosure box. 5) Canada note: Skip / Uber Eats / DoorDash CAD payouts & vehicle costs. 6) Affiliate slots: place Insulated bags, phone mounts (Amazon) inside decision steps; secondary: KOHO, gas rewards. 7) CTA: related pillar posts + email/newsletter stub. 8) Disclosure near first affiliate mention.",Toolkit flat lay,High,Outline,Batch-1 (top 10 High × T01/T02/T03/T04/T20)
P02-T01,2,Rideshare driving,Gig apps & flexible labour,T01,Beginner how-to,How to start Rideshare driving in Canada (step-by-step),Uber driver side hustle Canada,Informational/Transactional,Provincial insurance rules & winter driving,"Phone mounts, dash cams (Amazon)",KOHO,Primary tool in setup step,Reader job | 5+ steps | 3 tips | CA note | 1–3 affiliates | keyword proof,"1) Reader job: after this post, reader can take the next concrete step for Rideshare driving. 2) Hook: Canada-specific pain (CAD, tools, or trust). 3) Who it fits / who it doesn't. 4) Core sections per template 'Beginner how-to': Who it fits; 7–10 steps; first-week plan; mistakes. 5) Canada note: Provincial insurance rules & winter driving. 6) Affiliate slots: place Phone mounts, dash cams (Amazon) inside decision steps; secondary: KOHO. 7) CTA: related pillar posts + email/newsletter stub. 8) Disclosure near first affiliate mention.",Checklist carousel,High,Outline,Batch-1 (top 10 High × T01/T02/T03/T04/T20)
P02-T02,2,Rideshare driving,Gig apps & flexible labour,T02,Cost & budget,How much does it cost to start Rideshare driving? (CAD breakdown),Uber driver side hustle Canada,Commercial investigation,Provincial insurance rules & winter driving,"Phone mounts, dash cams (Amazon)",KOHO,Cheapest stack + upgrade path,Reader job | 5+ steps | 3 tips | CA note | 1–3 affiliates | keyword proof,"1) Reader job: after this post, reader can take the next concrete step for Rideshare driving. 2) Hook: Canada-specific pain (CAD, tools, or trust). 3) Who it fits / who it doesn't. 4) Core sections per template 'Cost & budget': Startup table; monthly costs; free vs paid path. 5) Canada note: Provincial insurance rules & winter driving. 6) Affiliate slots: place Phone mounts, dash cams (Amazon) inside decision steps; secondary: KOHO. 7) CTA: related pillar posts + email/newsletter stub. 8) Disclosure near first affiliate mention.",Cost myth reel,High,Outline,Batch-1 (top 10 High × T01/T02/T03/T04/T20)
P02-T03,2,Rideshare driving,Gig apps & flexible labour,T03,Tools stack,Best tools for Rideshare driving in 2026,Uber driver side hustle Canada,Commercial,Provincial insurance rules & winter driving,"Phone mounts, dash cams (Amazon)",KOHO,2–4 affiliate tools mid-list,Reader job | 5+ steps | 3 tips | CA note | 1–3 affiliates | keyword proof,"1) Reader job: after this post, reader can take the next concrete step for Rideshare driving. 2) Hook: Canada-specific pain (CAD, tools, or trust). 3) Who it fits / who it doesn't. 4) Core sections per template 'Tools stack': Criteria; 5–8 tools; stack diagram; what to skip. 5) Canada note: Provincial insurance rules & winter driving. 6) Affiliate slots: place Phone mounts, dash cams (Amazon) inside decision steps; secondary: KOHO. 7) CTA: related pillar posts + email/newsletter stub. 8) Disclosure near first affiliate mention.",Toolkit graphic,High,Outline,Batch-1 (top 10 High × T01/T02/T03/T04/T20)
P02-T04,2,Rideshare driving,Gig apps & flexible labour,T04,First client / first sale,How to get your first client with Rideshare driving in Canada,Uber driver side hustle Canada,Transactional,Provincial insurance rules & winter driving,"Phone mounts, dash cams (Amazon)",KOHO,CRM/invoicing/payment tool,Reader job | 5+ steps | 3 tips | CA note | 1–3 affiliates | keyword proof,"1) Reader job: after this post, reader can take the next concrete step for Rideshare driving. 2) Hook: Canada-specific pain (CAD, tools, or trust). 3) Who it fits / who it doesn't. 4) Core sections per template 'First client / first sale': Outreach scripts; portfolio minimum; 14-day sprint. 5) Canada note: Provincial insurance rules & winter driving. 6) Affiliate slots: place Phone mounts, dash cams (Amazon) inside decision steps; secondary: KOHO. 7) CTA: related pillar posts + email/newsletter stub. 8) Disclosure near first affiliate mention.",Script-on-screen,High,Outline,Batch-1 (top 10 High × T01/T02/T03/T04/T20)
P02-T20,2,Rideshare driving,Gig apps & flexible labour,T20,Affiliate toolkit post,The only Rideshare driving toolkit I’d pay for (disclosed),Uber driver side hustle Canada,Commercial,Provincial insurance rules & winter driving,"Phone mounts, dash cams (Amazon)",KOHO,Primary monetization post type,Reader job | 5+ steps | 3 tips | CA note | 1–3 affiliates | keyword proof,"1) Reader job: after this post, reader can take the next concrete step for Rideshare driving. 2) Hook: Canada-specific pain (CAD, tools, or trust). 3) Who it fits / who it doesn't. 4) Core sections per template 'Affiliate toolkit post': Criteria; must-haves vs nice-to-haves; disclosure box. 5) Canada note: Provincial insurance rules & winter driving. 6) Affiliate slots: place Phone mounts, dash cams (Amazon) inside decision steps; secondary: KOHO. 7) CTA: related pillar posts + email/newsletter stub. 8) Disclosure near first affiliate mention.",Toolkit flat lay,High,Outline,Batch-1 (top 10 High × T01/T02/T03/T04/T20)
P03-T01,3,Grocery shopping apps,Gig apps & flexible labour,T01,Beginner how-to,How to start Grocery shopping apps in Canada (step-by-step),Instacart shopper Canada,Informational/Transactional,Peak hours & tip culture in Canadian cities,"Insulated bags, sturdy totes (Amazon)",KOHO,Primary tool in setup step,Reader job | 5+ steps | 3 tips | CA note | 1–3 affiliates | keyword proof,"1) Reader job: after this post, reader can take the next concrete step for Grocery shopping apps. 2) Hook: Canada-specific pain (CAD, tools, or trust). 3) Who it fits / who it doesn't. 4) Core sections per template 'Beginner how-to': Who it fits; 7–10 steps; first-week plan; mistakes. 5) Canada note: Peak hours & tip culture in Canadian cities. 6) Affiliate slots: place Insulated bags, sturdy totes (Amazon) inside decision steps; secondary: KOHO. 7) CTA: related pillar posts + email/newsletter stub. 8) Disclosure near first affiliate mention.",Checklist carousel,High,Outline,Batch-1 (top 10 High × T01/T02/T03/T04/T20)
P03-T02,3,Grocery shopping apps,Gig apps & flexible labour,T02,Cost & budget,How much does it cost to start Grocery shopping apps? (CAD breakdown),Instacart shopper Canada,Commercial investigation,Peak hours & tip culture in Canadian cities,"Insulated bags, sturdy totes (Amazon)",KOHO,Cheapest stack + upgrade path,Reader job | 5+ steps | 3 tips | CA note | 1–3 affiliates | keyword proof,"1) Reader job: after this post, reader can take the next concrete step for Grocery shopping apps. 2) Hook: Canada-specific pain (CAD, tools, or trust). 3) Who it fits / who it doesn't. 4) Core sections per template 'Cost & budget': Startup table; monthly costs; free vs paid path. 5) Canada note: Peak hours & tip culture in Canadian cities. 6) Affiliate slots: place Insulated bags, sturdy totes (Amazon) inside decision steps; secondary: KOHO. 7) CTA: related pillar posts + email/newsletter stub. 8) Disclosure near first affiliate mention.",Cost myth reel,High,Outline,Batch-1 (top 10 High × T01/T02/T03/T04/T20)
P03-T03,3,Grocery shopping apps,Gig apps & flexible labour,T03,Tools stack,Best tools for Grocery shopping apps in 2026,Instacart shopper Canada,Commercial,Peak hours & tip culture in Canadian cities,"Insulated bags, sturdy totes (Amazon)",KOHO,2–4 affiliate tools mid-list,Reader job | 5+ steps | 3 tips | CA note | 1–3 affiliates | keyword proof,"1) Reader job: after this post, reader can take the next concrete step for Grocery shopping apps. 2) Hook: Canada-specific pain (CAD, tools, or trust). 3) Who it fits / who it doesn't. 4) Core sections per template 'Tools stack': Criteria; 5–8 tools; stack diagram; what to skip. 5) Canada note: Peak hours & tip culture in Canadian cities. 6) Affiliate slots: place Insulated bags, sturdy totes (Amazon) inside decision steps; secondary: KOHO. 7) CTA: related pillar posts + email/newsletter stub. 8) Disclosure near first affiliate mention.",Toolkit graphic,High,Outline,Batch-1 (top 10 High × T01/T02/T03/T04/T20)
P03-T04,3,Grocery shopping apps,Gig apps & flexible labour,T04,First client / first sale,How to get your first client with Grocery shopping apps in Canada,Instacart shopper Canada,Transactional,Peak hours & tip culture in Canadian cities,"Insulated bags, sturdy totes (Amazon)",KOHO,CRM/invoicing/payment tool,Reader job | 5+ steps | 3 tips | CA note | 1–3 affiliates | keyword proof,"1) Reader job: after this post, reader can take the next concrete step for Grocery shopping apps. 2) Hook: Canada-specific pain (CAD, tools, or trust). 3) Who it fits / who it doesn't. 4) Core sections per template 'First client / first sale': Outreach scripts; portfolio minimum; 14-day sprint. 5) Canada note: Peak hours & tip culture in Canadian cities. 6) Affiliate slots: place Insulated bags, sturdy totes (Amazon) inside decision steps; secondary: KOHO. 7) CTA: related pillar posts + email/newsletter stub. 8) Disclosure near first affiliate mention.",Script-on-screen,High,Outline,Batch-1 (top 10 High × T01/T02/T03/T04/T20)
P03-T20,3,Grocery shopping apps,Gig apps & flexible labour,T20,Affiliate toolkit post,The only Grocery shopping apps toolkit I’d pay for (disclosed),Instacart shopper Canada,Commercial,Peak hours & tip culture in Canadian cities,"Insulated bags, sturdy totes (Amazon)",KOHO,Primary monetization post type,Reader job | 5+ steps | 3 tips | CA note | 1–3 affiliates | keyword proof,"1) Reader job: after this post, reader can take the next concrete step for Grocery shopping apps. 2) Hook: Canada-specific pain (CAD, tools, or trust). 3) Who it fits / who it doesn't. 4) Core sections per template 'Affiliate toolkit post': Criteria; must-haves vs nice-to-haves; disclosure box. 5) Canada note: Peak hours & tip culture in Canadian cities. 6) Affiliate slots: place Insulated bags, sturdy totes (Amazon) inside decision steps; secondary: KOHO. 7) CTA: related pillar posts + email/newsletter stub. 8) Disclosure near first affiliate mention.",Toolkit flat lay,High,Outline,Batch-1 (top 10 High × T01/T02/T03/T04/T20)
P04-T01,4,Package courier / Spark-class delivery,Gig apps & flexible labour,T01,Beginner how-to,How to start Package courier / Spark-class delivery in Canada (step-by-step),Spark Driver Canada,Informational/Transactional,Same-day warehouse pickup realities,"Cargo boxes, dollies (Amazon)",KOHO,Primary tool in setup step,Reader job | 5+ steps | 3 tips | CA note | 1–3 affiliates | keyword proof,"1) Reader job: after this post, reader can take the next concrete step for Package courier / Spark-class delivery. 2) Hook: Canada-specific pain (CAD, tools, or trust). 3) Who it fits / who it doesn't. 4) Core sections per template 'Beginner how-to': Who it fits; 7–10 steps; first-week plan; mistakes. 5) Canada note: Same-day warehouse pickup realities. 6) Affiliate slots: place Cargo boxes, dollies (Amazon) inside decision steps; secondary: KOHO. 7) CTA: related pillar posts + email/newsletter stub. 8) Disclosure near first affiliate mention.",Checklist carousel,High,Outline,Batch-1 (top 10 High × T01/T02/T03/T04/T20)
P04-T02,4,Package courier / Spark-class delivery,Gig apps & flexible labour,T02,Cost & budget,How much does it cost to start Package courier / Spark-class delivery? (CAD breakdown),Spark Driver Canada,Commercial investigation,Same-day warehouse pickup realities,"Cargo boxes, dollies (Amazon)",KOHO,Cheapest stack + upgrade path,Reader job | 5+ steps | 3 tips | CA note | 1–3 affiliates | keyword proof,"1) Reader job: after this post, reader can take the next concrete step for Package courier / Spark-class delivery. 2) Hook: Canada-specific pain (CAD, tools, or trust). 3) Who it fits / who it doesn't. 4) Core sections per template 'Cost & budget': Startup table; monthly costs; free vs paid path. 5) Canada note: Same-day warehouse pickup realities. 6) Affiliate slots: place Cargo boxes, dollies (Amazon) inside decision steps; secondary: KOHO. 7) CTA: related pillar posts + email/newsletter stub. 8) Disclosure near first affiliate mention.",Cost myth reel,High,Outline,Batch-1 (top 10 High × T01/T02/T03/T04/T20)
P04-T03,4,Package courier / Spark-class delivery,Gig apps & flexible labour,T03,Tools stack,Best tools for Package courier / Spark-class delivery in 2026,Spark Driver Canada,Commercial,Same-day warehouse pickup realities,"Cargo boxes, dollies (Amazon)",KOHO,2–4 affiliate tools mid-list,Reader job | 5+ steps | 3 tips | CA note | 1–3 affiliates | keyword proof,"1) Reader job: after this post, reader can take the next concrete step for Package courier / Spark-class delivery. 2) Hook: Canada-specific pain (CAD, tools, or trust). 3) Who it fits / who it doesn't. 4) Core sections per template 'Tools stack': Criteria; 5–8 tools; stack diagram; what to skip. 5) Canada note: Same-day warehouse pickup realities. 6) Affiliate slots: place Cargo boxes, dollies (Amazon) inside decision steps; secondary: KOHO. 7) CTA: related pillar posts + email/newsletter stub. 8) Disclosure near first affiliate mention.",Toolkit graphic,High,Outline,Batch-1 (top 10 High × T01/T02/T03/T04/T20)
P04-T04,4,Package courier / Spark-class delivery,Gig apps & flexible labour,T04,First client / first sale,How to get your first client with Package courier / Spark-class delivery in Canada,Spark Driver Canada,Transactional,Same-day warehouse pickup realities,"Cargo boxes, dollies (Amazon)",KOHO,CRM/invoicing/payment tool,Reader job | 5+ steps | 3 tips | CA note | 1–3 affiliates | keyword proof,"1) Reader job: after this post, reader can take the next concrete step for Package courier / Spark-class delivery. 2) Hook: Canada-specific pain (CAD, tools, or trust). 3) Who it fits / who it doesn't. 4) Core sections per template 'First client / first sale': Outreach scripts; portfolio minimum; 14-day sprint. 5) Canada note: Same-day warehouse pickup realities. 6) Affiliate slots: place Cargo boxes, dollies (Amazon) inside decision steps; secondary: KOHO. 7) CTA: related pillar posts + email/newsletter stub. 8) Disclosure near first affiliate mention.",Script-on-screen,High,Outline,Batch-1 (top 10 High × T01/T02/T03/T04/T20)
P04-T20,4,Package courier / Spark-class delivery,Gig apps & flexible labour,T20,Affiliate toolkit post,The only Package courier / Spark-class delivery toolkit I’d pay for (disclosed),Spark Driver Canada,Commercial,Same-day warehouse pickup realities,"Cargo boxes, dollies (Amazon)",KOHO,Primary monetization post type,Reader job | 5+ steps | 3 tips | CA note | 1–3 affiliates | keyword proof,"1) Reader job: after this post, reader can take the next concrete step for Package courier / Spark-class delivery. 2) Hook: Canada-specific pain (CAD, tools, or trust). 3) Who it fits / who it doesn't. 4) Core sections per template 'Affiliate toolkit post': Criteria; must-haves vs nice-to-haves; disclosure box. 5) Canada note: Same-day warehouse pickup realities. 6) Affiliate slots: place Cargo boxes, dollies (Amazon) inside decision steps; secondary: KOHO. 7) CTA: related pillar posts + email/newsletter stub. 8) Disclosure near first affiliate mention.",Toolkit flat lay,High,Outline,Batch-1 (top 10 High × T01/T02/T03/T04/T20)
P05-T01,5,TaskRabbit-class odd jobs apps,Gig apps & flexible labour,T01,Beginner how-to,How to start TaskRabbit-class odd jobs apps in Canada (step-by-step),TaskRabbit side hustle Canada,Informational/Transactional,Assembly & handyman gigs in CA metros,Basic tool kits (Amazon),"FreshBooks, KOHO",Primary tool in setup step,Reader job | 5+ steps | 3 tips | CA note | 1–3 affiliates | keyword proof,"1) Reader job: after this post, reader can take the next concrete step for TaskRabbit-class odd jobs apps. 2) Hook: Canada-specific pain (CAD, tools, or trust). 3) Who it fits / who it doesn't. 4) Core sections per template 'Beginner how-to': Who it fits; 7–10 steps; first-week plan; mistakes. 5) Canada note: Assembly & handyman gigs in CA metros. 6) Affiliate slots: place Basic tool kits (Amazon) inside decision steps; secondary: FreshBooks, KOHO. 7) CTA: related pillar posts + email/newsletter stub. 8) Disclosure near first affiliate mention.",Checklist carousel,High,Outline,Batch-1 (top 10 High × T01/T02/T03/T04/T20)
P05-T02,5,TaskRabbit-class odd jobs apps,Gig apps & flexible labour,T02,Cost & budget,How much does it cost to start TaskRabbit-class odd jobs apps? (CAD breakdown),TaskRabbit side hustle Canada,Commercial investigation,Assembly & handyman gigs in CA metros,Basic tool kits (Amazon),"FreshBooks, KOHO",Cheapest stack + upgrade path,Reader job | 5+ steps | 3 tips | CA note | 1–3 affiliates | keyword proof,"1) Reader job: after this post, reader can take the next concrete step for TaskRabbit-class odd jobs apps. 2) Hook: Canada-specific pain (CAD, tools, or trust). 3) Who it fits / who it doesn't. 4) Core sections per template 'Cost & budget': Startup table; monthly costs; free vs paid path. 5) Canada note: Assembly & handyman gigs in CA metros. 6) Affiliate slots: place Basic tool kits (Amazon) inside decision steps; secondary: FreshBooks, KOHO. 7) CTA: related pillar posts + email/newsletter stub. 8) Disclosure near first affiliate mention.",Cost myth reel,High,Outline,Batch-1 (top 10 High × T01/T02/T03/T04/T20)
P05-T03,5,TaskRabbit-class odd jobs apps,Gig apps & flexible labour,T03,Tools stack,Best tools for TaskRabbit-class odd jobs apps in 2026,TaskRabbit side hustle Canada,Commercial,Assembly & handyman gigs in CA metros,Basic tool kits (Amazon),"FreshBooks, KOHO",2–4 affiliate tools mid-list,Reader job | 5+ steps | 3 tips | CA note | 1–3 affiliates | keyword proof,"1) Reader job: after this post, reader can take the next concrete step for TaskRabbit-class odd jobs apps. 2) Hook: Canada-specific pain (CAD, tools, or trust). 3) Who it fits / who it doesn't. 4) Core sections per template 'Tools stack': Criteria; 5–8 tools; stack diagram; what to skip. 5) Canada note: Assembly & handyman gigs in CA metros. 6) Affiliate slots: place Basic tool kits (Amazon) inside decision steps; secondary: FreshBooks, KOHO. 7) CTA: related pillar posts + email/newsletter stub. 8) Disclosure near first affiliate mention.",Toolkit graphic,High,Outline,Batch-1 (top 10 High × T01/T02/T03/T04/T20)
P05-T04,5,TaskRabbit-class odd jobs apps,Gig apps & flexible labour,T04,First client / first sale,How to get your first client with TaskRabbit-class odd jobs apps in Canada,TaskRabbit side hustle Canada,Transactional,Assembly & handyman gigs in CA metros,Basic tool kits (Amazon),"FreshBooks, KOHO",CRM/invoicing/payment tool,Reader job | 5+ steps | 3 tips | CA note | 1–3 affiliates | keyword proof,"1) Reader job: after this post, reader can take the next concrete step for TaskRabbit-class odd jobs apps. 2) Hook: Canada-specific pain (CAD, tools, or trust). 3) Who it fits / who it doesn't. 4) Core sections per template 'First client / first sale': Outreach scripts; portfolio minimum; 14-day sprint. 5) Canada note: Assembly & handyman gigs in CA metros. 6) Affiliate slots: place Basic tool kits (Amazon) inside decision steps; secondary: FreshBooks, KOHO. 7) CTA: related pillar posts + email/newsletter stub. 8) Disclosure near first affiliate mention.",Script-on-screen,High,Outline,Batch-1 (top 10 High × T01/T02/T03/T04/T20)
P05-T20,5,TaskRabbit-class odd jobs apps,Gig apps & flexible labour,T20,Affiliate toolkit post,The only TaskRabbit-class odd jobs apps toolkit I’d pay for (disclosed),TaskRabbit side hustle Canada,Commercial,Assembly & handyman gigs in CA metros,Basic tool kits (Amazon),"FreshBooks, KOHO",Primary monetization post type,Reader job | 5+ steps | 3 tips | CA note | 1–3 affiliates | keyword proof,"1) Reader job: after this post, reader can take the next concrete step for TaskRabbit-class odd jobs apps. 2) Hook: Canada-specific pain (CAD, tools, or trust). 3) Who it fits / who it doesn't. 4) Core sections per template 'Affiliate toolkit post': Criteria; must-haves vs nice-to-haves; disclosure box. 5) Canada note: Assembly & handyman gigs in CA metros. 6) Affiliate slots: place Basic tool kits (Amazon) inside decision steps; secondary: FreshBooks, KOHO. 7) CTA: related pillar posts + email/newsletter stub. 8) Disclosure near first affiliate mention.",Toolkit flat lay,High,Outline,Batch-1 (top 10 High × T01/T02/T03/T04/T20)
P13-T01,13,Dog walking / pet sitting,Local offline services,T01,Beginner how-to,How to start Dog walking / pet sitting in Canada (step-by-step),dog walking side hustle Canada,Informational/Transactional,Neighbourhood routes; winter gear; liability,"Leashes, waste bags (Amazon)","FreshBooks, KOHO",Primary tool in setup step,Reader job | 5+ steps | 3 tips | CA note | 1–3 affiliates | keyword proof,"1) Reader job: after this post, reader can take the next concrete step for Dog walking / pet sitting. 2) Hook: Canada-specific pain (CAD, tools, or trust). 3) Who it fits / who it doesn't. 4) Core sections per template 'Beginner how-to': Who it fits; 7–10 steps; first-week plan; mistakes. 5) Canada note: Neighbourhood routes; winter gear; liability. 6) Affiliate slots: place Leashes, waste bags (Amazon) inside decision steps; secondary: FreshBooks, KOHO. 7) CTA: related pillar posts + email/newsletter stub. 8) Disclosure near first affiliate mention.",Checklist carousel,High,Outline,Batch-1 (top 10 High × T01/T02/T03/T04/T20)
P13-T02,13,Dog walking / pet sitting,Local offline services,T02,Cost & budget,How much does it cost to start Dog walking / pet sitting? (CAD breakdown),dog walking side hustle Canada,Commercial investigation,Neighbourhood routes; winter gear; liability,"Leashes, waste bags (Amazon)","FreshBooks, KOHO",Cheapest stack + upgrade path,Reader job | 5+ steps | 3 tips | CA note | 1–3 affiliates | keyword proof,"1) Reader job: after this post, reader can take the next concrete step for Dog walking / pet sitting. 2) Hook: Canada-specific pain (CAD, tools, or trust). 3) Who it fits / who it doesn't. 4) Core sections per template 'Cost & budget': Startup table; monthly costs; free vs paid path. 5) Canada note: Neighbourhood routes; winter gear; liability. 6) Affiliate slots: place Leashes, waste bags (Amazon) inside decision steps; secondary: FreshBooks, KOHO. 7) CTA: related pillar posts + email/newsletter stub. 8) Disclosure near first affiliate mention.",Cost myth reel,High,Outline,Batch-1 (top 10 High × T01/T02/T03/T04/T20)
P13-T03,13,Dog walking / pet sitting,Local offline services,T03,Tools stack,Best tools for Dog walking / pet sitting in 2026,dog walking side hustle Canada,Commercial,Neighbourhood routes; winter gear; liability,"Leashes, waste bags (Amazon)","FreshBooks, KOHO",2–4 affiliate tools mid-list,Reader job | 5+ steps | 3 tips | CA note | 1–3 affiliates | keyword proof,"1) Reader job: after this post, reader can take the next concrete step for Dog walking / pet sitting. 2) Hook: Canada-specific pain (CAD, tools, or trust). 3) Who it fits / who it doesn't. 4) Core sections per template 'Tools stack': Criteria; 5–8 tools; stack diagram; what to skip. 5) Canada note: Neighbourhood routes; winter gear; liability. 6) Affiliate slots: place Leashes, waste bags (Amazon) inside decision steps; secondary: FreshBooks, KOHO. 7) CTA: related pillar posts + email/newsletter stub. 8) Disclosure near first affiliate mention.",Toolkit graphic,High,Outline,Batch-1 (top 10 High × T01/T02/T03/T04/T20)
P13-T04,13,Dog walking / pet sitting,Local offline services,T04,First client / first sale,How to get your first client with Dog walking / pet sitting in Canada,dog walking side hustle Canada,Transactional,Neighbourhood routes; winter gear; liability,"Leashes, waste bags (Amazon)","FreshBooks, KOHO",CRM/invoicing/payment tool,Reader job | 5+ steps | 3 tips | CA note | 1–3 affiliates | keyword proof,"1) Reader job: after this post, reader can take the next concrete step for Dog walking / pet sitting. 2) Hook: Canada-specific pain (CAD, tools, or trust). 3) Who it fits / who it doesn't. 4) Core sections per template 'First client / first sale': Outreach scripts; portfolio minimum; 14-day sprint. 5) Canada note: Neighbourhood routes; winter gear; liability. 6) Affiliate slots: place Leashes, waste bags (Amazon) inside decision steps; secondary: FreshBooks, KOHO. 7) CTA: related pillar posts + email/newsletter stub. 8) Disclosure near first affiliate mention.",Script-on-screen,High,Outline,Batch-1 (top 10 High × T01/T02/T03/T04/T20)
P13-T20,13,Dog walking / pet sitting,Local offline services,T20,Affiliate toolkit post,The only Dog walking / pet sitting toolkit I’d pay for (disclosed),dog walking side hustle Canada,Commercial,Neighbourhood routes; winter gear; liability,"Leashes, waste bags (Amazon)","FreshBooks, KOHO",Primary monetization post type,Reader job | 5+ steps | 3 tips | CA note | 1–3 affiliates | keyword proof,"1) Reader job: after this post, reader can take the next concrete step for Dog walking / pet sitting. 2) Hook: Canada-specific pain (CAD, tools, or trust). 3) Who it fits / who it doesn't. 4) Core sections per template 'Affiliate toolkit post': Criteria; must-haves vs nice-to-haves; disclosure box. 5) Canada note: Neighbourhood routes; winter gear; liability. 6) Affiliate slots: place Leashes, waste bags (Amazon) inside decision steps; secondary: FreshBooks, KOHO. 7) CTA: related pillar posts + email/newsletter stub. 8) Disclosure near first affiliate mention.",Toolkit flat lay,High,Outline,Batch-1 (top 10 High × T01/T02/T03/T04/T20)
P14-T01,14,House cleaning,Local offline services,T01,Beginner how-to,How to start House cleaning in Canada (step-by-step),house cleaning side hustle Canada,Informational/Transactional,Supply costs in CAD; recurring clients,Cleaning supplies (Amazon),"FreshBooks, KOHO",Primary tool in setup step,Reader job | 5+ steps | 3 tips | CA note | 1–3 affiliates | keyword proof,"1) Reader job: after this post, reader can take the next concrete step for House cleaning. 2) Hook: Canada-specific pain (CAD, tools, or trust). 3) Who it fits / who it doesn't. 4) Core sections per template 'Beginner how-to': Who it fits; 7–10 steps; first-week plan; mistakes. 5) Canada note: Supply costs in CAD; recurring clients. 6) Affiliate slots: place Cleaning supplies (Amazon) inside decision steps; secondary: FreshBooks, KOHO. 7) CTA: related pillar posts + email/newsletter stub. 8) Disclosure near first affiliate mention.",Checklist carousel,High,Outline,Batch-1 (top 10 High × T01/T02/T03/T04/T20)
P14-T02,14,House cleaning,Local offline services,T02,Cost & budget,How much does it cost to start House cleaning? (CAD breakdown),house cleaning side hustle Canada,Commercial investigation,Supply costs in CAD; recurring clients,Cleaning supplies (Amazon),"FreshBooks, KOHO",Cheapest stack + upgrade path,Reader job | 5+ steps | 3 tips | CA note | 1–3 affiliates | keyword proof,"1) Reader job: after this post, reader can take the next concrete step for House cleaning. 2) Hook: Canada-specific pain (CAD, tools, or trust). 3) Who it fits / who it doesn't. 4) Core sections per template 'Cost & budget': Startup table; monthly costs; free vs paid path. 5) Canada note: Supply costs in CAD; recurring clients. 6) Affiliate slots: place Cleaning supplies (Amazon) inside decision steps; secondary: FreshBooks, KOHO. 7) CTA: related pillar posts + email/newsletter stub. 8) Disclosure near first affiliate mention.",Cost myth reel,High,Outline,Batch-1 (top 10 High × T01/T02/T03/T04/T20)
P14-T03,14,House cleaning,Local offline services,T03,Tools stack,Best tools for House cleaning in 2026,house cleaning side hustle Canada,Commercial,Supply costs in CAD; recurring clients,Cleaning supplies (Amazon),"FreshBooks, KOHO",2–4 affiliate tools mid-list,Reader job | 5+ steps | 3 tips | CA note | 1–3 affiliates | keyword proof,"1) Reader job: after this post, reader can take the next concrete step for House cleaning. 2) Hook: Canada-specific pain (CAD, tools, or trust). 3) Who it fits / who it doesn't. 4) Core sections per template 'Tools stack': Criteria; 5–8 tools; stack diagram; what to skip. 5) Canada note: Supply costs in CAD; recurring clients. 6) Affiliate slots: place Cleaning supplies (Amazon) inside decision steps; secondary: FreshBooks, KOHO. 7) CTA: related pillar posts + email/newsletter stub. 8) Disclosure near first affiliate mention.",Toolkit graphic,High,Outline,Batch-1 (top 10 High × T01/T02/T03/T04/T20)
P14-T04,14,House cleaning,Local offline services,T04,First client / first sale,How to get your first client with House cleaning in Canada,house cleaning side hustle Canada,Transactional,Supply costs in CAD; recurring clients,Cleaning supplies (Amazon),"FreshBooks, KOHO",CRM/invoicing/payment tool,Reader job | 5+ steps | 3 tips | CA note | 1–3 affiliates | keyword proof,"1) Reader job: after this post, reader can take the next concrete step for House cleaning. 2) Hook: Canada-specific pain (CAD, tools, or trust). 3) Who it fits / who it doesn't. 4) Core sections per template 'First client / first sale': Outreach scripts; portfolio minimum; 14-day sprint. 5) Canada note: Supply costs in CAD; recurring clients. 6) Affiliate slots: place Cleaning supplies (Amazon) inside decision steps; secondary: FreshBooks, KOHO. 7) CTA: related pillar posts + email/newsletter stub. 8) Disclosure near first affiliate mention.",Script-on-screen,High,Outline,Batch-1 (top 10 High × T01/T02/T03/T04/T20)
P14-T20,14,House cleaning,Local offline services,T20,Affiliate toolkit post,The only House cleaning toolkit I’d pay for (disclosed),house cleaning side hustle Canada,Commercial,Supply costs in CAD; recurring clients,Cleaning supplies (Amazon),"FreshBooks, KOHO",Primary monetization post type,Reader job | 5+ steps | 3 tips | CA note | 1–3 affiliates | keyword proof,"1) Reader job: after this post, reader can take the next concrete step for House cleaning. 2) Hook: Canada-specific pain (CAD, tools, or trust). 3) Who it fits / who it doesn't. 4) Core sections per template 'Affiliate toolkit post': Criteria; must-haves vs nice-to-haves; disclosure box. 5) Canada note: Supply costs in CAD; recurring clients. 6) Affiliate slots: place Cleaning supplies (Amazon) inside decision steps; secondary: FreshBooks, KOHO. 7) CTA: related pillar posts + email/newsletter stub. 8) Disclosure near first affiliate mention.",Toolkit flat lay,High,Outline,Batch-1 (top 10 High × T01/T02/T03/T04/T20)
P15-T01,15,Lawn care / landscaping,Local offline services,T01,Beginner how-to,How to start Lawn care / landscaping in Canada (step-by-step),lawn care side hustle Canada,Informational/Transactional,Seasonal demand; municipal bylaws,Equipment (Amazon/Home Depot),FreshBooks,Primary tool in setup step,Reader job | 5+ steps | 3 tips | CA note | 1–3 affiliates | keyword proof,"1) Reader job: after this post, reader can take the next concrete step for Lawn care / landscaping. 2) Hook: Canada-specific pain (CAD, tools, or trust). 3) Who it fits / who it doesn't. 4) Core sections per template 'Beginner how-to': Who it fits; 7–10 steps; first-week plan; mistakes. 5) Canada note: Seasonal demand; municipal bylaws. 6) Affiliate slots: place Equipment (Amazon/Home Depot) inside decision steps; secondary: FreshBooks. 7) CTA: related pillar posts + email/newsletter stub. 8) Disclosure near first affiliate mention.",Checklist carousel,High,Outline,Batch-1 (top 10 High × T01/T02/T03/T04/T20)
P15-T02,15,Lawn care / landscaping,Local offline services,T02,Cost & budget,How much does it cost to start Lawn care / landscaping? (CAD breakdown),lawn care side hustle Canada,Commercial investigation,Seasonal demand; municipal bylaws,Equipment (Amazon/Home Depot),FreshBooks,Cheapest stack + upgrade path,Reader job | 5+ steps | 3 tips | CA note | 1–3 affiliates | keyword proof,"1) Reader job: after this post, reader can take the next concrete step for Lawn care / landscaping. 2) Hook: Canada-specific pain (CAD, tools, or trust). 3) Who it fits / who it doesn't. 4) Core sections per template 'Cost & budget': Startup table; monthly costs; free vs paid path. 5) Canada note: Seasonal demand; municipal bylaws. 6) Affiliate slots: place Equipment (Amazon/Home Depot) inside decision steps; secondary: FreshBooks. 7) CTA: related pillar posts + email/newsletter stub. 8) Disclosure near first affiliate mention.",Cost myth reel,High,Outline,Batch-1 (top 10 High × T01/T02/T03/T04/T20)
P15-T03,15,Lawn care / landscaping,Local offline services,T03,Tools stack,Best tools for Lawn care / landscaping in 2026,lawn care side hustle Canada,Commercial,Seasonal demand; municipal bylaws,Equipment (Amazon/Home Depot),FreshBooks,2–4 affiliate tools mid-list,Reader job | 5+ steps | 3 tips | CA note | 1–3 affiliates | keyword proof,"1) Reader job: after this post, reader can take the next concrete step for Lawn care / landscaping. 2) Hook: Canada-specific pain (CAD, tools, or trust). 3) Who it fits / who it doesn't. 4) Core sections per template 'Tools stack': Criteria; 5–8 tools; stack diagram; what to skip. 5) Canada note: Seasonal demand; municipal bylaws. 6) Affiliate slots: place Equipment (Amazon/Home Depot) inside decision steps; secondary: FreshBooks. 7) CTA: related pillar posts + email/newsletter stub. 8) Disclosure near first affiliate mention.",Toolkit graphic,High,Outline,Batch-1 (top 10 High × T01/T02/T03/T04/T20)
P15-T04,15,Lawn care / landscaping,Local offline services,T04,First client / first sale,How to get your first client with Lawn care / landscaping in Canada,lawn care side hustle Canada,Transactional,Seasonal demand; municipal bylaws,Equipment (Amazon/Home Depot),FreshBooks,CRM/invoicing/payment tool,Reader job | 5+ steps | 3 tips | CA note | 1–3 affiliates | keyword proof,"1) Reader job: after this post, reader can take the next concrete step for Lawn care / landscaping. 2) Hook: Canada-specific pain (CAD, tools, or trust). 3) Who it fits / who it doesn't. 4) Core sections per template 'First client / first sale': Outreach scripts; portfolio minimum; 14-day sprint. 5) Canada note: Seasonal demand; municipal bylaws. 6) Affiliate slots: place Equipment (Amazon/Home Depot) inside decision steps; secondary: FreshBooks. 7) CTA: related pillar posts + email/newsletter stub. 8) Disclosure near first affiliate mention.",Script-on-screen,High,Outline,Batch-1 (top 10 High × T01/T02/T03/T04/T20)
P15-T20,15,Lawn care / landscaping,Local offline services,T20,Affiliate toolkit post,The only Lawn care / landscaping toolkit I’d pay for (disclosed),lawn care side hustle Canada,Commercial,Seasonal demand; municipal bylaws,Equipment (Amazon/Home Depot),FreshBooks,Primary monetization post type,Reader job | 5+ steps | 3 tips | CA note | 1–3 affiliates | keyword proof,"1) Reader job: after this post, reader can take the next concrete step for Lawn care / landscaping. 2) Hook: Canada-specific pain (CAD, tools, or trust). 3) Who it fits / who it doesn't. 4) Core sections per template 'Affiliate toolkit post': Criteria; must-haves vs nice-to-haves; disclosure box. 5) Canada note: Seasonal demand; municipal bylaws. 6) Affiliate slots: place Equipment (Amazon/Home Depot) inside decision steps; secondary: FreshBooks. 7) CTA: related pillar posts + email/newsletter stub. 8) Disclosure near first affiliate mention.",Toolkit flat lay,High,Outline,Batch-1 (top 10 High × T01/T02/T03/T04/T20)
P16-T01,16,Snow removal,Local offline services,T01,Beginner how-to,How to start Snow removal in Canada (step-by-step),snow removal side hustle Canada,Informational/Transactional,Contract season & early-morning routes,"Shovels, salt, blowers",FreshBooks,Primary tool in setup step,Reader job | 5+ steps | 3 tips | CA note | 1–3 affiliates | keyword proof,"1) Reader job: after this post, reader can take the next concrete step for Snow removal. 2) Hook: Canada-specific pain (CAD, tools, or trust). 3) Who it fits / who it doesn't. 4) Core sections per template 'Beginner how-to': Who it fits; 7–10 steps; first-week plan; mistakes. 5) Canada note: Contract season & early-morning routes. 6) Affiliate slots: place Shovels, salt, blowers inside decision steps; secondary: FreshBooks. 7) CTA: related pillar posts + email/newsletter stub. 8) Disclosure near first affiliate mention.",Checklist carousel,High,Outline,Batch-1 (top 10 High × T01/T02/T03/T04/T20)
P16-T02,16,Snow removal,Local offline services,T02,Cost & budget,How much does it cost to start Snow removal? (CAD breakdown),snow removal side hustle Canada,Commercial investigation,Contract season & early-morning routes,"Shovels, salt, blowers",FreshBooks,Cheapest stack + upgrade path,Reader job | 5+ steps | 3 tips | CA note | 1–3 affiliates | keyword proof,"1) Reader job: after this post, reader can take the next concrete step for Snow removal. 2) Hook: Canada-specific pain (CAD, tools, or trust). 3) Who it fits / who it doesn't. 4) Core sections per template 'Cost & budget': Startup table; monthly costs; free vs paid path. 5) Canada note: Contract season & early-morning routes. 6) Affiliate slots: place Shovels, salt, blowers inside decision steps; secondary: FreshBooks. 7) CTA: related pillar posts + email/newsletter stub. 8) Disclosure near first affiliate mention.",Cost myth reel,High,Outline,Batch-1 (top 10 High × T01/T02/T03/T04/T20)
P16-T03,16,Snow removal,Local offline services,T03,Tools stack,Best tools for Snow removal in 2026,snow removal side hustle Canada,Commercial,Contract season & early-morning routes,"Shovels, salt, blowers",FreshBooks,2–4 affiliate tools mid-list,Reader job | 5+ steps | 3 tips | CA note | 1–3 affiliates | keyword proof,"1) Reader job: after this post, reader can take the next concrete step for Snow removal. 2) Hook: Canada-specific pain (CAD, tools, or trust). 3) Who it fits / who it doesn't. 4) Core sections per template 'Tools stack': Criteria; 5–8 tools; stack diagram; what to skip. 5) Canada note: Contract season & early-morning routes. 6) Affiliate slots: place Shovels, salt, blowers inside decision steps; secondary: FreshBooks. 7) CTA: related pillar posts + email/newsletter stub. 8) Disclosure near first affiliate mention.",Toolkit graphic,High,Outline,Batch-1 (top 10 High × T01/T02/T03/T04/T20)
P16-T04,16,Snow removal,Local offline services,T04,First client / first sale,How to get your first client with Snow removal in Canada,snow removal side hustle Canada,Transactional,Contract season & early-morning routes,"Shovels, salt, blowers",FreshBooks,CRM/invoicing/payment tool,Reader job | 5+ steps | 3 tips | CA note | 1–3 affiliates | keyword proof,"1) Reader job: after this post, reader can take the next concrete step for Snow removal. 2) Hook: Canada-specific pain (CAD, tools, or trust). 3) Who it fits / who it doesn't. 4) Core sections per template 'First client / first sale': Outreach scripts; portfolio minimum; 14-day sprint. 5) Canada note: Contract season & early-morning routes. 6) Affiliate slots: place Shovels, salt, blowers inside decision steps; secondary: FreshBooks. 7) CTA: related pillar posts + email/newsletter stub. 8) Disclosure near first affiliate mention.",Script-on-screen,High,Outline,Batch-1 (top 10 High × T01/T02/T03/T04/T20)
P16-T20,16,Snow removal,Local offline services,T20,Affiliate toolkit post,The only Snow removal toolkit I’d pay for (disclosed),snow removal side hustle Canada,Commercial,Contract season & early-morning routes,"Shovels, salt, blowers",FreshBooks,Primary monetization post type,Reader job | 5+ steps | 3 tips | CA note | 1–3 affiliates | keyword proof,"1) Reader job: after this post, reader can take the next concrete step for Snow removal. 2) Hook: Canada-specific pain (CAD, tools, or trust). 3) Who it fits / who it doesn't. 4) Core sections per template 'Affiliate toolkit post': Criteria; must-haves vs nice-to-haves; disclosure box. 5) Canada note: Contract season & early-morning routes. 6) Affiliate slots: place Shovels, salt, blowers inside decision steps; secondary: FreshBooks. 7) CTA: related pillar posts + email/newsletter stub. 8) Disclosure near first affiliate mention.",Toolkit flat lay,High,Outline,Batch-1 (top 10 High × T01/T02/T03/T04/T20)
P17-T01,17,Handyman / odd jobs,Local offline services,T01,Beginner how-to,How to start Handyman / odd jobs in Canada (step-by-step),handyman side hustle Canada,Informational/Transactional,Small repairs without overstepping trades rules,Tool kits (Amazon),FreshBooks,Primary tool in setup step,Reader job | 5+ steps | 3 tips | CA note | 1–3 affiliates | keyword proof,"1) Reader job: after this post, reader can take the next concrete step for Handyman / odd jobs. 2) Hook: Canada-specific pain (CAD, tools, or trust). 3) Who it fits / who it doesn't. 4) Core sections per template 'Beginner how-to': Who it fits; 7–10 steps; first-week plan; mistakes. 5) Canada note: Small repairs without overstepping trades rules. 6) Affiliate slots: place Tool kits (Amazon) inside decision steps; secondary: FreshBooks. 7) CTA: related pillar posts + email/newsletter stub. 8) Disclosure near first affiliate mention.",Checklist carousel,High,Outline,Batch-1 (top 10 High × T01/T02/T03/T04/T20)
P17-T02,17,Handyman / odd jobs,Local offline services,T02,Cost & budget,How much does it cost to start Handyman / odd jobs? (CAD breakdown),handyman side hustle Canada,Commercial investigation,Small repairs without overstepping trades rules,Tool kits (Amazon),FreshBooks,Cheapest stack + upgrade path,Reader job | 5+ steps | 3 tips | CA note | 1–3 affiliates | keyword proof,"1) Reader job: after this post, reader can take the next concrete step for Handyman / odd jobs. 2) Hook: Canada-specific pain (CAD, tools, or trust). 3) Who it fits / who it doesn't. 4) Core sections per template 'Cost & budget': Startup table; monthly costs; free vs paid path. 5) Canada note: Small repairs without overstepping trades rules. 6) Affiliate slots: place Tool kits (Amazon) inside decision steps; secondary: FreshBooks. 7) CTA: related pillar posts + email/newsletter stub. 8) Disclosure near first affiliate mention.",Cost myth reel,High,Outline,Batch-1 (top 10 High × T01/T02/T03/T04/T20)
P17-T03,17,Handyman / odd jobs,Local offline services,T03,Tools stack,Best tools for Handyman / odd jobs in 2026,handyman side hustle Canada,Commercial,Small repairs without overstepping trades rules,Tool kits (Amazon),FreshBooks,2–4 affiliate tools mid-list,Reader job | 5+ steps | 3 tips | CA note | 1–3 affiliates | keyword proof,"1) Reader job: after this post, reader can take the next concrete step for Handyman / odd jobs. 2) Hook: Canada-specific pain (CAD, tools, or trust). 3) Who it fits / who it doesn't. 4) Core sections per template 'Tools stack': Criteria; 5–8 tools; stack diagram; what to skip. 5) Canada note: Small repairs without overstepping trades rules. 6) Affiliate slots: place Tool kits (Amazon) inside decision steps; secondary: FreshBooks. 7) CTA: related pillar posts + email/newsletter stub. 8) Disclosure near first affiliate mention.",Toolkit graphic,High,Outline,Batch-1 (top 10 High × T01/T02/T03/T04/T20)
P17-T04,17,Handyman / odd jobs,Local offline services,T04,First client / first sale,How to get your first client with Handyman / odd jobs in Canada,handyman side hustle Canada,Transactional,Small repairs without overstepping trades rules,Tool kits (Amazon),FreshBooks,CRM/invoicing/payment tool,Reader job | 5+ steps | 3 tips | CA note | 1–3 affiliates | keyword proof,"1) Reader job: after this post, reader can take the next concrete step for Handyman / odd jobs. 2) Hook: Canada-specific pain (CAD, tools, or trust). 3) Who it fits / who it doesn't. 4) Core sections per template 'First client / first sale': Outreach scripts; portfolio minimum; 14-day sprint. 5) Canada note: Small repairs without overstepping trades rules. 6) Affiliate slots: place Tool kits (Amazon) inside decision steps; secondary: FreshBooks. 7) CTA: related pillar posts + email/newsletter stub. 8) Disclosure near first affiliate mention.",Script-on-screen,High,Outline,Batch-1 (top 10 High × T01/T02/T03/T04/T20)
P17-T20,17,Handyman / odd jobs,Local offline services,T20,Affiliate toolkit post,The only Handyman / odd jobs toolkit I’d pay for (disclosed),handyman side hustle Canada,Commercial,Small repairs without overstepping trades rules,Tool kits (Amazon),FreshBooks,Primary monetization post type,Reader job | 5+ steps | 3 tips | CA note | 1–3 affiliates | keyword proof,"1) Reader job: after this post, reader can take the next concrete step for Handyman / odd jobs. 2) Hook: Canada-specific pain (CAD, tools, or trust). 3) Who it fits / who it doesn't. 4) Core sections per template 'Affiliate toolkit post': Criteria; must-haves vs nice-to-haves; disclosure box. 5) Canada note: Small repairs without overstepping trades rules. 6) Affiliate slots: place Tool kits (Amazon) inside decision steps; secondary: FreshBooks. 7) CTA: related pillar posts + email/newsletter stub. 8) Disclosure near first affiliate mention.",Toolkit flat lay,High,Outline,Batch-1 (top 10 High × T01/T02/T03/T04/T20)
