Idea ID,Pillar ID,Pillar,Template code,Working title,Primary affiliate types,Depth checklist,Status
S001,1,Freelance writing,T01,How to start Freelance writing in Canada (step-by-step),"FreshBooks, Grammarly",Reader job | 5+ steps | 3 tips | CA note | 1–3 affiliates | keyword proof,Draft
S002,1,Freelance writing,T02,How much does it cost to start Freelance writing? (CAD breakdown),"FreshBooks, Grammarly",Reader job | 5+ steps | 3 tips | CA note | 1–3 affiliates | keyword proof,Draft
S003,1,Freelance writing,T03,Best tools for Freelance writing in 2026,"FreshBooks, Grammarly",Reader job | 5+ steps | 3 tips | CA note | 1–3 affiliates | keyword proof,Draft
S004,1,Freelance writing,T04,How to get your first client (or sale) with Freelance writing,"FreshBooks, Grammarly",Reader job | 5+ steps | 3 tips | CA note | 1–3 affiliates | keyword proof,Draft
S005,1,Freelance writing,T05,Freelance writing for teachers in Canada,"FreshBooks, Grammarly",Reader job | 5+ steps | 3 tips | CA note | 1–3 affiliates | keyword proof,Draft
S006,1,Freelance writing,T06,Option A vs Option B for Freelance writing,"FreshBooks, Grammarly",Reader job | 5+ steps | 3 tips | CA note | 1–3 affiliates | keyword proof,Draft
S007,1,Freelance writing,T07,7 mistakes beginners make with Freelance writing (and fixes),"FreshBooks, Grammarly",Reader job | 5+ steps | 3 tips | CA note | 1–3 affiliates | keyword proof,Draft
S008,1,Freelance writing,T08,"GST/HST, invoices & records for Freelance writing (plain-English)","FreshBooks, Grammarly",Reader job | 5+ steps | 3 tips | CA note | 1–3 affiliates | keyword proof,Draft
S009,1,Freelance writing,T09,How to price Freelance writing services (CAD examples),"FreshBooks, Grammarly",Reader job | 5+ steps | 3 tips | CA note | 1–3 affiliates | keyword proof,Draft
S010,1,Freelance writing,T10,How to turn Freelance writing into retainers or recurring income,"FreshBooks, Grammarly",Reader job | 5+ steps | 3 tips | CA note | 1–3 affiliates | keyword proof,Draft
S011,1,Freelance writing,T11,How to build a portfolio for Freelance writing with no experience,"FreshBooks, Grammarly",Reader job | 5+ steps | 3 tips | CA note | 1–3 affiliates | keyword proof,Draft
S012,1,Freelance writing,T12,How to succeed on Fiverr with Freelance writing,"FreshBooks, Grammarly",Reader job | 5+ steps | 3 tips | CA note | 1–3 affiliates | keyword proof,Draft
S013,1,Freelance writing,T13,Freelance writing: a 30-day side hustle plan,"FreshBooks, Grammarly",Reader job | 5+ steps | 3 tips | CA note | 1–3 affiliates | keyword proof,Draft
S014,1,Freelance writing,T14,How to validate Freelance writing before you quit hours / spend money,"FreshBooks, Grammarly",Reader job | 5+ steps | 3 tips | CA note | 1–3 affiliates | keyword proof,Draft
S015,1,Freelance writing,T15,"Free Freelance writing templates (scripts, checklists, SOPs)","FreshBooks, Grammarly",Reader job | 5+ steps | 3 tips | CA note | 1–3 affiliates | keyword proof,Draft
S016,1,Freelance writing,T16,How I (or a reader) approached Freelance writing — lessons learned,"FreshBooks, Grammarly",Reader job | 5+ steps | 3 tips | CA note | 1–3 affiliates | keyword proof,Draft
S017,1,Freelance writing,T17,When to outsource parts of Freelance writing (and how),"FreshBooks, Grammarly",Reader job | 5+ steps | 3 tips | CA note | 1–3 affiliates | keyword proof,Draft
S018,1,Freelance writing,T18,Freelance writing ideas for 2026 in Canada,"FreshBooks, Grammarly",Reader job | 5+ steps | 3 tips | CA note | 1–3 affiliates | keyword proof,Draft
S019,1,Freelance writing,T19,How to productize Freelance writing into a fixed-scope package,"FreshBooks, Grammarly",Reader job | 5+ steps | 3 tips | CA note | 1–3 affiliates | keyword proof,Draft
S020,1,Freelance writing,T20,The only Freelance writing toolkit I’d pay for (disclosed),"FreshBooks, Grammarly",Reader job | 5+ steps | 3 tips | CA note | 1–3 affiliates | keyword proof,Draft
S021,2,Virtual assistant,T01,How to start Virtual assistant in Canada (step-by-step),"Notion, scheduling tools",Reader job | 5+ steps | 3 tips | CA note | 1–3 affiliates | keyword proof,Draft
S022,2,Virtual assistant,T02,How much does it cost to start Virtual assistant? (CAD breakdown),"Notion, scheduling tools",Reader job | 5+ steps | 3 tips | CA note | 1–3 affiliates | keyword proof,Draft
S023,2,Virtual assistant,T03,Best tools for Virtual assistant in 2026,"Notion, scheduling tools",Reader job | 5+ steps | 3 tips | CA note | 1–3 affiliates | keyword proof,Draft
S024,2,Virtual assistant,T04,How to get your first client (or sale) with Virtual assistant,"Notion, scheduling tools",Reader job | 5+ steps | 3 tips | CA note | 1–3 affiliates | keyword proof,Draft
S025,2,Virtual assistant,T05,Virtual assistant for teachers in Canada,"Notion, scheduling tools",Reader job | 5+ steps | 3 tips | CA note | 1–3 affiliates | keyword proof,Draft
S026,2,Virtual assistant,T06,Option A vs Option B for Virtual assistant,"Notion, scheduling tools",Reader job | 5+ steps | 3 tips | CA note | 1–3 affiliates | keyword proof,Draft
S027,2,Virtual assistant,T07,7 mistakes beginners make with Virtual assistant (and fixes),"Notion, scheduling tools",Reader job | 5+ steps | 3 tips | CA note | 1–3 affiliates | keyword proof,Draft
S028,2,Virtual assistant,T08,"GST/HST, invoices & records for Virtual assistant (plain-English)","Notion, scheduling tools",Reader job | 5+ steps | 3 tips | CA note | 1–3 affiliates | keyword proof,Draft
S029,2,Virtual assistant,T09,How to price Virtual assistant services (CAD examples),"Notion, scheduling tools",Reader job | 5+ steps | 3 tips | CA note | 1–3 affiliates | keyword proof,Draft
S030,2,Virtual assistant,T10,How to turn Virtual assistant into retainers or recurring income,"Notion, scheduling tools",Reader job | 5+ steps | 3 tips | CA note | 1–3 affiliates | keyword proof,Draft
S031,2,Virtual assistant,T11,How to build a portfolio for Virtual assistant with no experience,"Notion, scheduling tools",Reader job | 5+ steps | 3 tips | CA note | 1–3 affiliates | keyword proof,Draft
S032,2,Virtual assistant,T12,How to succeed on Fiverr with Virtual assistant,"Notion, scheduling tools",Reader job | 5+ steps | 3 tips | CA note | 1–3 affiliates | keyword proof,Draft
S033,2,Virtual assistant,T13,Virtual assistant: a 30-day side hustle plan,"Notion, scheduling tools",Reader job | 5+ steps | 3 tips | CA note | 1–3 affiliates | keyword proof,Draft
S034,2,Virtual assistant,T14,How to validate Virtual assistant before you quit hours / spend money,"Notion, scheduling tools",Reader job | 5+ steps | 3 tips | CA note | 1–3 affiliates | keyword proof,Draft
S035,2,Virtual assistant,T15,"Free Virtual assistant templates (scripts, checklists, SOPs)","Notion, scheduling tools",Reader job | 5+ steps | 3 tips | CA note | 1–3 affiliates | keyword proof,Draft
S036,2,Virtual assistant,T16,How I (or a reader) approached Virtual assistant — lessons learned,"Notion, scheduling tools",Reader job | 5+ steps | 3 tips | CA note | 1–3 affiliates | keyword proof,Draft
S037,2,Virtual assistant,T17,When to outsource parts of Virtual assistant (and how),"Notion, scheduling tools",Reader job | 5+ steps | 3 tips | CA note | 1–3 affiliates | keyword proof,Draft
S038,2,Virtual assistant,T18,Virtual assistant ideas for 2026 in Canada,"Notion, scheduling tools",Reader job | 5+ steps | 3 tips | CA note | 1–3 affiliates | keyword proof,Draft
S039,2,Virtual assistant,T19,How to productize Virtual assistant into a fixed-scope package,"Notion, scheduling tools",Reader job | 5+ steps | 3 tips | CA note | 1–3 affiliates | keyword proof,Draft
S040,2,Virtual assistant,T20,The only Virtual assistant toolkit I’d pay for (disclosed),"Notion, scheduling tools",Reader job | 5+ steps | 3 tips | CA note | 1–3 affiliates | keyword proof,Draft
S041,3,Social media management,T01,How to start Social media management in Canada (step-by-step),"Canva, schedulers",Reader job | 5+ steps | 3 tips | CA note | 1–3 affiliates | keyword proof,Draft
S042,3,Social media management,T02,How much does it cost to start Social media management? (CAD breakdown),"Canva, schedulers",Reader job | 5+ steps | 3 tips | CA note | 1–3 affiliates | keyword proof,Draft
S043,3,Social media management,T03,Best tools for Social media management in 2026,"Canva, schedulers",Reader job | 5+ steps | 3 tips | CA note | 1–3 affiliates | keyword proof,Draft
S044,3,Social media management,T04,How to get your first client (or sale) with Social media management,"Canva, schedulers",Reader job | 5+ steps | 3 tips | CA note | 1–3 affiliates | keyword proof,Draft
S045,3,Social media management,T05,Social media management for teachers in Canada,"Canva, schedulers",Reader job | 5+ steps | 3 tips | CA note | 1–3 affiliates | keyword proof,Draft
S046,3,Social media management,T06,Option A vs Option B for Social media management,"Canva, schedulers",Reader job | 5+ steps | 3 tips | CA note | 1–3 affiliates | keyword proof,Draft
S047,3,Social media management,T07,7 mistakes beginners make with Social media management (and fixes),"Canva, schedulers",Reader job | 5+ steps | 3 tips | CA note | 1–3 affiliates | keyword proof,Draft
S048,3,Social media management,T08,"GST/HST, invoices & records for Social media management (plain-English)","Canva, schedulers",Reader job | 5+ steps | 3 tips | CA note | 1–3 affiliates | keyword proof,Draft
S049,3,Social media management,T09,How to price Social media management services (CAD examples),"Canva, schedulers",Reader job | 5+ steps | 3 tips | CA note | 1–3 affiliates | keyword proof,Draft
S050,3,Social media management,T10,How to turn Social media management into retainers or recurring income,"Canva, schedulers",Reader job | 5+ steps | 3 tips | CA note | 1–3 affiliates | keyword proof,Draft
S051,3,Social media management,T11,How to build a portfolio for Social media management with no experience,"Canva, schedulers",Reader job | 5+ steps | 3 tips | CA note | 1–3 affiliates | keyword proof,Draft
S052,3,Social media management,T12,How to succeed on Fiverr with Social media management,"Canva, schedulers",Reader job | 5+ steps | 3 tips | CA note | 1–3 affiliates | keyword proof,Draft
S053,3,Social media management,T13,Social media management: a 30-day side hustle plan,"Canva, schedulers",Reader job | 5+ steps | 3 tips | CA note | 1–3 affiliates | keyword proof,Draft
S054,3,Social media management,T14,How to validate Social media management before you quit hours / spend money,"Canva, schedulers",Reader job | 5+ steps | 3 tips | CA note | 1–3 affiliates | keyword proof,Draft
S055,3,Social media management,T15,"Free Social media management templates (scripts, checklists, SOPs)","Canva, schedulers",Reader job | 5+ steps | 3 tips | CA note | 1–3 affiliates | keyword proof,Draft
S056,3,Social media management,T16,How I (or a reader) approached Social media management — lessons learned,"Canva, schedulers",Reader job | 5+ steps | 3 tips | CA note | 1–3 affiliates | keyword proof,Draft
S057,3,Social media management,T17,When to outsource parts of Social media management (and how),"Canva, schedulers",Reader job | 5+ steps | 3 tips | CA note | 1–3 affiliates | keyword proof,Draft
S058,3,Social media management,T18,Social media management ideas for 2026 in Canada,"Canva, schedulers",Reader job | 5+ steps | 3 tips | CA note | 1–3 affiliates | keyword proof,Draft
S059,3,Social media management,T19,How to productize Social media management into a fixed-scope package,"Canva, schedulers",Reader job | 5+ steps | 3 tips | CA note | 1–3 affiliates | keyword proof,Draft
S060,3,Social media management,T20,The only Social media management toolkit I’d pay for (disclosed),"Canva, schedulers",Reader job | 5+ steps | 3 tips | CA note | 1–3 affiliates | keyword proof,Draft
