Category,Idea,Short description,Skill level,Startup cost (CAD),Income type,Canada angle,Blog angle,Social content angle,Affiliate hooks,Priority
Freelance services,Freelance writing,"Write blogs, newsletters, web copy, or LinkedIn posts for clients.",Beginner–Intermediate,Low ($0–100),Project / hourly,Pitch Canadian SMEs and personal-finance niches,How to land first Canadian writing clients without a portfolio,Carousel: 5 niches that hire writers in Canada,"FreshBooks, Grammarly, Fiverr (buyer tools)",High
Freelance services,Virtual assistant,"Remote admin: inbox, scheduling, research, light bookkeeping.",Beginner,Low,Hourly / retainer,Target Canadian solopreneurs and ecommerce sellers,VA starter checklist for Canadians (tools + rates mindset),Reel: day-in-the-life VA task list,"Notion, scheduling tools, KOHO",High
Freelance services,Social media management,"Plan, write, and schedule posts for local or online brands.",Beginner–Intermediate,Low,Retainer,Main Street shops + Canadian DTC brands,How to package a monthly social retainer,Before/after content calendar template,"Canva, scheduling tools, Meta Business",High
Freelance services,Graphic design / Canva design,"Logos, thumbnails, Instagram kits, pitch decks.",Beginner–Intermediate,Low,Project,Canadian creators and coaches,Sell Canva templates + custom design without being an art school grad,Speed design: brand kit in 10 minutes,Canva (when affiliate open),High
Freelance services,Video editing,Edit Shorts/Reels/YouTube for creators and coaches.,Intermediate,Low–Medium,Per video / retainer,Creator economy + Canadian educators,Pricing video edits so you don’t undercharge,Hook: 3 edits that boost retention,"Adobe/CapCut tools, stock assets",Medium
Freelance services,Web design (no-code),"Build sites on Framer, Webflow, or WordPress for small businesses.",Intermediate,Low–Medium,Project,Local services going online,No-code website packages Canadian shops will actually buy,Timelapse: landing page in an afternoon,"Hostinger, Shopify, domain regs",High
Freelance services,Bookkeeping for freelancers,"Help other freelancers with invoices, expenses, GST/HST tracking.",Intermediate,Low,Monthly,CRA-aware bookkeeping education,GST/HST basics freelancers mess up (not tax advice),Myth vs fact: receipts and HST,"FreshBooks, Wave comparisons",High
Freelance services,Online tutoring / coaching,"Teach academic subjects, languages, or career skills over Zoom.",Intermediate,Low,Hourly,Provincial curriculum + bilingual demand,How to fill a tutoring calendar in 30 days,Student win stories (permissioned),"Zoom, Calendly-class, Stripe",High
Freelance services,Translation / bilingual freelancing,EN↔FR (or other) translation and localization.,Intermediate–Advanced,Low,Per word / project,Huge Canada demand,Bilingual side hustle paths that pay beyond ‘I’m fluent’,Carousel: industries hiring bilingual freelancers,"ProZ, Upwork, agency niches",Medium
Freelance services,Podcast editing / production,"Edit audio, write show notes, publish episodes.",Intermediate,Low–Medium,Per episode,Canadian podcast growth,Productize podcast editing for busy hosts,Audio before/after clip,"Descript, hosting tools",Medium
Digital products,Notion / spreadsheet templates,"Sell planners, CRM boards, budget sheets, content calendars.",Beginner,Very low,Passive / product,"CAD budgets, Canadian tax trackers (high-level)",What templates actually sell in 2026,Demo walkthrough of one template,"Gumroad, Notion",High
Digital products,Printable planners & worksheets,"PDF planners for hustlers, students, parents.",Beginner,Very low,Passive,"Canada-dated planners, school year",How to launch a printable shop without inventory,Pinterest-style pin concepts,"Etsy, Gumroad",High
Digital products,Online courses / mini-courses,"Teach one skill via Gumroad, Teachable, or YouTube+PDF.",Intermediate,Low–Medium,Product / cohort,"Canada-specific skill (CRA records, bilingual freelancing)",Validate a course idea with 10 pre-sales,Trailer-style 30s course teaser,"Teachable, Gumroad",Medium
Digital products,Stock photography / video,License lifestyle and niche photos or B-roll.,Beginner–Intermediate,Low–Medium,Royalty,"Canadian seasons, cities, small-business B-roll",Niches stock sites still under-serve,Shot list challenge,"Shutterstock, Adobe Stock",Medium
Digital products,Ebook / playbook authoring,"Write niche guides (side hustle playbooks, freelancing).",Intermediate,Low,Product,Core MMO monetization path,How we outline a Canadian side-hustle playbook,Quote cards from the ebook,"Gumroad, email list",High
Digital products,UI kits / Canva brand kits,"Sell niche brand kits for coaches, realtors, creators.",Intermediate,Low,Passive,Canadian realtor / coach aesthetics,Bundle strategy: free sample → paid kit,Unboxing a brand kit,"Canva, Etsy",Medium
Digital products,Prompt packs / AI workflows,"Curated prompts for marketing, writing, support (ethical use).",Beginner,Very low,Passive,"Position as productivity, not cheating clients",Ethical AI prompt packs freelancers will buy,One prompt → output demo,Gumroad,Medium
Content & creator economy,YouTube / Shorts channel,Educational or niche entertainment with ads + affiliates.,Intermediate,Low–Medium,Ads / affiliates / sponsors,Canada-focused topics stand out,YouTube niches for Canadian side-income content,Hook formulas that work on Shorts,"YouTube Partner, affiliates",High
Content & creator economy,Newsletter / Substack,Paid or free+sponsor newsletter in a niche.,Intermediate,Low,Subscriptions / sponsors,Canada finance/hustle angle,"Grow to 1,000 subs without going viral",Subject-line A/B examples,"Beehiiv, ConvertKit",High
Content & creator economy,TikTok / Instagram Reels teaching,Short-form tips that funnel to products or services.,Beginner,Very low,Affiliates / leads,Local slang + CAD pricing builds trust,Turn one blog post into 10 Reels,Trend + tip mashups,"Affiliate products, email",High
Content & creator economy,Podcast hosting,Interview experts; monetize via sponsors later.,Intermediate,Low–Medium,Sponsors / affiliates,Canadian guests and CRA/admin episodes,Should you start a podcast as a side hustle?,Clip: 60s guest insight,"Hosting, Riverside",Low
Content & creator economy,Blogging / SEO sites,Niche sites monetized with ads + affiliates.,Intermediate,Low–Medium,Ads / affiliates,Exactly MMO’s model,How SEO side hustles actually work in Canada,SERP screenshot explainers,"AdSense, Amazon, Shopify",High
Content & creator economy,Ugc / brand content creator,Film product videos for brands as a contractor.,Beginner–Intermediate,Low,Per video,Canadian DTC brands need UGC,Rate card for new UGC creators,Phone-only UGC setup tour,"Brand platforms, Amazon products",High
Ecommerce & selling online,Shopify dropshipping / print-on-demand,Sell branded merch or curated products without inventory.,Intermediate,Medium,Product margin,"Customs, CAD pricing, CA suppliers",Honest dropshipping realities for Canadians,Product research checklist,"Shopify, Printful, apps",High
Ecommerce & selling online,Etsy digital or handmade,Sell digital downloads or craft goods.,Beginner,Low,Product,Ship-from-Canada or digital-only,Etsy vs Shopify for first-time Canadian sellers,Top-selling digital product types,"Etsy, Shopify",High
Ecommerce & selling online,Amazon FBA / online arbitrage,Source products; fulfill via Amazon (research-heavy).,Advanced,Medium–High,Product margin,Amazon.ca specifics,FBA risks Canadians underestimate,Sourcing decision tree,"Amazon Seller, Helium10-class",Medium
Ecommerce & selling online,Reseller / flipping online,Buy underpriced goods; sell on Marketplace/eBay/Kijiji.,Beginner,Low–Medium,Flip profit,"Kijiji, Facebook Marketplace, FB groups",Weekend flipping system that isn’t a garage sale,Find → list → sold timeline,Amazon shipping supplies,High
Ecommerce & selling online,Domain flipping,Buy brandable domains; sell later.,Intermediate,Low–Medium,Capital gains-like flips, .ca domains,Is domain flipping still worth it?,Undervalued .ca name examples,Registrars,Low
Ecommerce & selling online,Print-on-demand merch for niches,"Design for hobbies, jobs, cities.",Beginner–Intermediate,Low,Margin per sale,Canadian cities / professions,Niche merch ideas that don’t need a huge following,Design → mockup → live,"Shopify, Printful",Medium
Software & tech,No-code SaaS micro-tool,"Build a tiny paid tool (directory, calculator, tracker).",Advanced,Low–Medium,SaaS,"Canada-specific calculators (HST, mileage)",Validate a micro-SaaS with 50 waitlist emails,Demo GIF of the tool,"Stripe, hosting",Medium
Software & tech,Chrome extension / app,Solve one workflow pain; freemium model.,Advanced,Low,Freemium,Productivity for freelancers,Ship a tiny extension as a side project,Feature teaser,Stripe,Low
Software & tech,Automation freelancing (Zapier/Make),Build automations for businesses.,Intermediate,Low,Project / retainer,Canadian SMBs drowning in admin,Automation packages that sell,Zap map visuals,Zapier/Make affiliates,High
Software & tech,AI consulting for small business,"Help shops use AI for support, content SOPs — ethically.",Intermediate,Low,Project,Local CA businesses,AI side hustle that isn’t spam content farms,SOP one-pager template,AI tool affiliates,Medium
Software & tech,Bug bounty / security testing,Responsible disclosure programs (skilled only).,Advanced,Low,Bounty,Remote-friendly,Is bug bounty a realistic side income?,Mindset: scope & ethics,—,Low
Education & knowledge,Online course teaching a trade skill,"Package offline skill online (baking, trades theory, software).",Intermediate,Low–Medium,Course sales,Provincial licensing caveats where needed,Turn a skill you already have into a mini-course,Lesson snippet,Course platforms,Medium
Education & knowledge,Language teaching online,Teach English/French or other languages.,Intermediate,Low,Hourly,French immersion demand,Platforms vs private tutoring rates,Student progress clip,"italki-class, Zoom",High
Education & knowledge,Test prep coaching,"SAT, IELTS, professional exams.",Advanced,Low,Hourly / packages,Immigration + student markets in CA,Niche test-prep hustles in Canada,Study tip carousel,—,Medium
Education & knowledge,Corporate lunch-and-learn workshops,Sell 60-min remote workshops to teams.,Advanced,Low,Per session,Canadian SMEs,How to sell your first paid workshop,Agenda slide teaser,—,Low
Marketing & lead gen,Local SEO for service businesses,"Rank plumbers, clinics, contractors.",Intermediate,Low,Project / retainer,Google Business Profile heavy,Local SEO package for Canadian Main Street,GBP audit checklist,SEO tools,High
Marketing & lead gen,Lead generation for trades,"Build landing pages; sell leads (ethical, disclosed).",Intermediate,Medium,Per lead,Local services,Lead gen ethics and pricing,Funnel diagram,"Hosting, ads accounts",Medium
Marketing & lead gen,Email marketing freelance,"Flows, campaigns, list hygiene for ecommerce.",Intermediate,Low,Retainer,Shopify brands,Klaviyo/email retainers that stick,Flow screenshot (redacted),Klaviyo/ESPs,Medium
Marketing & lead gen,Affiliate marketing site / niche site,Content sites promoting disclosed offers.,Intermediate,Low–Medium,Commissions,CA programs in AFFILIATE-PROGRAMS.md,Affiliate marketing without being scammy,Disclosure explainer,"Shopify, Amazon, KOHO, FreshBooks",High
Marketing & lead gen,Paid ads management,Run Meta/Google ads for clients.,Advanced,Low (ad spend separate),% of spend / flat,Local + ecommerce,When you’re ready to sell ads management,ROAS myth-busting,Ads platforms,Medium
Platforms & micro gigs,Freelance marketplaces (Upwork/Fiverr seller),Sell services on marketplaces while building direct clients.,Beginner,Low,Per gig,Profile localization for CA clients,Marketplace vs direct clients — when to switch,Profile teardown,Fiverr affiliate (buyer side careful),High
Platforms & micro gigs,User testing / research panels,Get paid to test apps and sites (supplemental).,Beginner,None,Per test,"Remote, flexible",Honest take: microtask sites as pocket money,Screen recording tip,—,Low
Platforms & micro gigs,Transcription / captioning,Caption videos for accessibility.,Beginner,Low,Per minute,Accessibility demand,Tools that make captioning faster,Speed caption demo,—,Low
Platforms & micro gigs,Online surveys / rewards (supplemental only),Low-pay; frame honestly as pocket change.,Beginner,None,Micropay,—,Why surveys aren’t a real side hustle (trust content),Myth bust,—,Low
Creative & media,Stock music / audio,License beats and bed music.,Intermediate–Advanced,Low,Royalties,—,Music side hustle paths that aren’t ‘go viral’,Beat snippet,AudioJungle-class,Low
Creative & media,Voiceover freelancing,"Ads, elearning, YouTube voiceovers.",Intermediate,Low–Medium (mic),Per project,Canadian accent demand,Home VO booth on a budget,Cold read sample,Voices.com-class,Medium
Creative & media,Photography for online brands,Product shoots for Shopify sellers (remote direction + local).,Intermediate,Medium,Per shoot,Local CA brands,Product photography packages that sell,Lighting setup tour,"Amazon gear, Best Buy",Medium
Creative & media,Newsletter design / creative direction,Retainer creative for digital brands.,Advanced,Low,Retainer,—,Positioning as creative director lite,Moodboard reel,—,Low
Data & research,Niche research reports,Sell industry digests to operators.,Advanced,Low,Report sales,StatsCan-adjacent niches (careful with licensing),How to productize research,Chart teaser,—,Low
Data & research,Spreadsheet automation consulting,Clean messy ops sheets; build dashboards.,Intermediate,Low,Project,—,Google Sheets side hustle for ops-heavy businesses,Before/after sheet,Google Workspace,Medium
Community & membership,Paid community / Discord,Niche peer group with monthly fee.,Advanced,Low,Subscriptions,Canadian freelancers community,When a paid community is (and isn’t) worth it,Community ritual ideas,"Circle, Discord tools",Low
Community & membership,Cohort-based challenges,"2-week paid challenges (writing, fitness biz, etc.).",Intermediate,Low,Cohort fees,—,Run a challenge that doesn’t burn you out,Day 1 invite creative,Email tools,Medium
